product_id,product_name,category,price,cost
1,Apparel Product 1,Apparel,1782.85,980.57
2,Electronics Product 2,Electronics,1816.23,1362.17
3,Beauty Product 3,Beauty,500.52,250.26
4,Beauty Product 4,Beauty,861.1,430.55
5,Electronics Product 5,Electronics,4567.42,3425.57
6,Beauty Product 6,Beauty,1326.8,663.4
7,Books Product 7,Books,207.21,134.69
8,Home Product 8,Home,1651.76,991.06
9,Beauty Product 9,Beauty,928.89,464.44
10,Electronics Product 10,Electronics,678.89,509.17
11,Books Product 11,Books,348.2,226.33
12,Beauty Product 12,Beauty,711.42,355.71
13,Home Product 13,Home,349.61,209.77
14,Apparel Product 14,Apparel,968.61,532.74
15,Apparel Product 15,Apparel,777.93,427.86
16,Books Product 16,Books,329.32,214.06
17,Electronics Product 17,Electronics,3316.07,2487.05
18,Beauty Product 18,Beauty,1357.52,678.76
19,Electronics Product 19,Electronics,4748.62,3561.47
20,Apparel Product 20,Apparel,760.93,418.51
21,Apparel Product 21,Apparel,1835.48,1009.51
22,Home Product 22,Home,537.05,322.23
23,Beauty Product 23,Beauty,876.93,438.46
24,Books Product 24,Books,717.26,466.22
25,Home Product 25,Home,1426.8,856.08
26,Books Product 26,Books,249.29,162.04
27,Apparel Product 27,Apparel,1855.58,1020.57
28,Apparel Product 28,Apparel,1118.67,615.27
29,Home Product 29,Home,858.24,514.94
30,Home Product 30,Home,1868.78,1121.27
31,Home Product 31,Home,2628.99,1577.39
32,Apparel Product 32,Apparel,1501.65,825.91
33,Books Product 33,Books,741.22,481.79
34,Beauty Product 34,Beauty,1494.39,747.2
35,Home Product 35,Home,2071.83,1243.1
36,Books Product 36,Books,746.12,484.98
37,Apparel Product 37,Apparel,508.5,279.68
38,Books Product 38,Books,766.59,498.28
39,Electronics Product 39,Electronics,1328.61,996.46
40,Home Product 40,Home,2263.11,1357.87
41,Apparel Product 41,Apparel,1808.21,994.52
42,Beauty Product 42,Beauty,1449.56,724.78
43,Apparel Product 43,Apparel,1108.81,609.85
44,Apparel Product 44,Apparel,643.13,353.72
45,Home Product 45,Home,588.28,352.97
46,Home Product 46,Home,370.74,222.44
47,Books Product 47,Books,551.02,358.16
48,Books Product 48,Books,518.58,337.08
49,Home Product 49,Home,1910.17,1146.1
50,Home Product 50,Home,2155.92,1293.55
51,Apparel Product 51,Apparel,527.16,289.94
52,Beauty Product 52,Beauty,374.31,187.16
53,Books Product 53,Books,454.7,295.56
54,Apparel Product 54,Apparel,694.36,381.9
55,Beauty Product 55,Beauty,838.88,419.44
56,Home Product 56,Home,742.22,445.33
57,Home Product 57,Home,387.02,232.21
58,Electronics Product 58,Electronics,4664.46,3498.35
59,Beauty Product 59,Beauty,489.32,244.66
60,Home Product 60,Home,2346.0,1407.6
61,Electronics Product 61,Electronics,1296.85,972.64
62,Beauty Product 62,Beauty,1327.27,663.63
63,Beauty Product 63,Beauty,1094.22,547.11
64,Beauty Product 64,Beauty,1353.86,676.93
65,Beauty Product 65,Beauty,726.33,363.17
66,Electronics Product 66,Electronics,3235.68,2426.76
67,Beauty Product 67,Beauty,1136.26,568.13
68,Beauty Product 68,Beauty,994.96,497.48
69,Books Product 69,Books,535.97,348.38
70,Books Product 70,Books,566.91,368.49
71,Electronics Product 71,Electronics,2842.92,2132.19
72,Beauty Product 72,Beauty,793.97,396.99
73,Electronics Product 73,Electronics,4450.01,3337.51
74,Home Product 74,Home,1700.5,1020.3
75,Beauty Product 75,Beauty,1478.98,739.49
76,Electronics Product 76,Electronics,3009.65,2257.24
77,Books Product 77,Books,647.35,420.78
78,Electronics Product 78,Electronics,1354.33,1015.75
79,Beauty Product 79,Beauty,717.45,358.73
80,Apparel Product 80,Apparel,1637.88,900.83
81,Apparel Product 81,Apparel,1138.16,625.99
82,Beauty Product 82,Beauty,582.75,291.38
83,Electronics Product 83,Electronics,3604.79,2703.59
84,Home Product 84,Home,1551.66,931.0
85,Beauty Product 85,Beauty,317.57,158.78
86,Books Product 86,Books,223.56,145.31
87,Books Product 87,Books,759.6,493.74
88,Books Product 88,Books,237.95,154.67
89,Beauty Product 89,Beauty,620.5,310.25
90,Electronics Product 90,Electronics,1304.95,978.71
91,Books Product 91,Books,732.8,476.32
92,Home Product 92,Home,2682.88,1609.73
93,Electronics Product 93,Electronics,1625.37,1219.03
94,Home Product 94,Home,2239.61,1343.77
95,Electronics Product 95,Electronics,910.36,682.77
96,Beauty Product 96,Beauty,1024.29,512.14
97,Electronics Product 97,Electronics,2857.18,2142.88
98,Beauty Product 98,Beauty,1144.94,572.47
99,Books Product 99,Books,547.85,356.1
100,Home Product 100,Home,1322.43,793.46
101,Beauty Product 101,Beauty,257.08,128.54
102,Home Product 102,Home,2763.08,1657.85
103,Books Product 103,Books,716.35,465.63
104,Home Product 104,Home,737.74,442.64
105,Home Product 105,Home,782.94,469.76
106,Electronics Product 106,Electronics,2388.12,1791.09
107,Apparel Product 107,Apparel,1568.26,862.54
108,Beauty Product 108,Beauty,575.41,287.7
109,Home Product 109,Home,617.4,370.44
110,Home Product 110,Home,2893.17,1735.9
111,Electronics Product 111,Electronics,3301.52,2476.14
112,Apparel Product 112,Apparel,419.53,230.74
113,Beauty Product 113,Beauty,1312.03,656.01
114,Books Product 114,Books,674.85,438.65
115,Books Product 115,Books,723.76,470.44
116,Home Product 116,Home,885.56,531.34
117,Beauty Product 117,Beauty,789.86,394.93
118,Beauty Product 118,Beauty,303.23,151.62
119,Books Product 119,Books,154.27,100.28
120,Books Product 120,Books,330.77,215.0
121,Books Product 121,Books,683.08,444.0
122,Home Product 122,Home,432.08,259.25
123,Home Product 123,Home,448.67,269.2
124,Apparel Product 124,Apparel,458.75,252.31
125,Electronics Product 125,Electronics,3501.48,2626.11
126,Books Product 126,Books,343.99,223.59
127,Electronics Product 127,Electronics,720.64,540.48
128,Beauty Product 128,Beauty,1491.86,745.93
129,Home Product 129,Home,2114.64,1268.78
130,Books Product 130,Books,579.6,376.74
131,Books Product 131,Books,521.98,339.29
132,Books Product 132,Books,265.32,172.46
133,Beauty Product 133,Beauty,1174.14,587.07
134,Apparel Product 134,Apparel,1890.37,1039.7
135,Electronics Product 135,Electronics,3958.3,2968.73
136,Apparel Product 136,Apparel,989.71,544.34
137,Beauty Product 137,Beauty,1266.34,633.17
138,Beauty Product 138,Beauty,1296.3,648.15
139,Electronics Product 139,Electronics,1817.75,1363.31
140,Home Product 140,Home,629.46,377.68
141,Apparel Product 141,Apparel,926.73,509.7
142,Beauty Product 142,Beauty,882.04,441.02
143,Home Product 143,Home,1952.55,1171.53
144,Electronics Product 144,Electronics,3071.15,2303.36
145,Books Product 145,Books,791.67,514.59
146,Beauty Product 146,Beauty,1141.3,570.65
147,Books Product 147,Books,757.03,492.07
148,Apparel Product 148,Apparel,1083.29,595.81
149,Apparel Product 149,Apparel,815.46,448.5
150,Books Product 150,Books,796.77,517.9
151,Apparel Product 151,Apparel,1883.37,1035.85
152,Books Product 152,Books,515.71,335.21
153,Books Product 153,Books,623.97,405.58
154,Beauty Product 154,Beauty,840.26,420.13
155,Home Product 155,Home,2685.89,1611.53
156,Home Product 156,Home,2213.19,1327.91
157,Home Product 157,Home,304.27,182.56
158,Electronics Product 158,Electronics,2591.99,1943.99
159,Electronics Product 159,Electronics,3818.61,2863.96
160,Home Product 160,Home,2458.82,1475.29
161,Beauty Product 161,Beauty,738.25,369.12
162,Apparel Product 162,Apparel,959.44,527.69
163,Home Product 163,Home,330.5,198.3
164,Home Product 164,Home,2163.05,1297.83
165,Apparel Product 165,Apparel,1664.31,915.37
166,Apparel Product 166,Apparel,880.45,484.25
167,Books Product 167,Books,360.55,234.36
168,Electronics Product 168,Electronics,1012.27,759.2
169,Apparel Product 169,Apparel,946.18,520.4
170,Books Product 170,Books,550.4,357.76
171,Electronics Product 171,Electronics,4244.19,3183.14
172,Home Product 172,Home,1192.39,715.43
173,Apparel Product 173,Apparel,1875.65,1031.61
174,Beauty Product 174,Beauty,1391.01,695.5
175,Electronics Product 175,Electronics,3405.43,2554.07
176,Beauty Product 176,Beauty,402.0,201.0
177,Beauty Product 177,Beauty,1359.68,679.84
178,Books Product 178,Books,732.35,476.03
179,Beauty Product 179,Beauty,1219.19,609.6
180,Beauty Product 180,Beauty,1406.13,703.07
181,Electronics Product 181,Electronics,4257.98,3193.48
182,Apparel Product 182,Apparel,1303.91,717.15
183,Apparel Product 183,Apparel,1288.28,708.55
184,Electronics Product 184,Electronics,1437.18,1077.88
185,Apparel Product 185,Apparel,1679.26,923.59
186,Apparel Product 186,Apparel,505.94,278.27
187,Home Product 187,Home,1057.24,634.34
188,Electronics Product 188,Electronics,2026.19,1519.64
189,Beauty Product 189,Beauty,1014.46,507.23
190,Home Product 190,Home,1841.65,1104.99
191,Beauty Product 191,Beauty,443.59,221.79
192,Electronics Product 192,Electronics,4390.67,3293.0
193,Apparel Product 193,Apparel,1528.43,840.64
194,Apparel Product 194,Apparel,1535.74,844.66
195,Apparel Product 195,Apparel,1062.19,584.2
196,Beauty Product 196,Beauty,1340.16,670.08
197,Apparel Product 197,Apparel,1123.05,617.68
198,Apparel Product 198,Apparel,745.82,410.2
199,Apparel Product 199,Apparel,680.02,374.01
200,Apparel Product 200,Apparel,1655.91,910.75
201,Home Product 201,Home,2766.06,1659.64
202,Beauty Product 202,Beauty,857.79,428.89
203,Beauty Product 203,Beauty,1376.44,688.22
204,Home Product 204,Home,813.57,488.14
205,Beauty Product 205,Beauty,1152.17,576.09
206,Books Product 206,Books,351.73,228.62
207,Apparel Product 207,Apparel,629.27,346.1
208,Electronics Product 208,Electronics,4199.62,3149.72
209,Books Product 209,Books,589.87,383.42
210,Home Product 210,Home,854.01,512.41
211,Electronics Product 211,Electronics,2567.16,1925.37
212,Books Product 212,Books,225.29,146.44
213,Apparel Product 213,Apparel,1891.74,1040.46
214,Books Product 214,Books,716.72,465.87
215,Apparel Product 215,Apparel,1147.0,630.85
216,Electronics Product 216,Electronics,963.96,722.97
217,Apparel Product 217,Apparel,435.97,239.78
218,Apparel Product 218,Apparel,1422.16,782.19
219,Home Product 219,Home,1166.38,699.83
220,Home Product 220,Home,1073.73,644.24
221,Books Product 221,Books,357.45,232.34
222,Beauty Product 222,Beauty,1072.46,536.23
223,Apparel Product 223,Apparel,638.91,351.4
224,Apparel Product 224,Apparel,583.14,320.73
225,Books Product 225,Books,513.76,333.94
226,Electronics Product 226,Electronics,1429.6,1072.2
227,Apparel Product 227,Apparel,1278.99,703.44
228,Apparel Product 228,Apparel,626.49,344.57
229,Apparel Product 229,Apparel,1318.53,725.19
230,Home Product 230,Home,492.36,295.42
231,Books Product 231,Books,729.96,474.47
232,Books Product 232,Books,438.37,284.94
233,Home Product 233,Home,378.28,226.97
234,Electronics Product 234,Electronics,976.67,732.5
235,Electronics Product 235,Electronics,887.54,665.65
236,Beauty Product 236,Beauty,432.68,216.34
237,Books Product 237,Books,729.33,474.06
238,Beauty Product 238,Beauty,1001.21,500.61
239,Apparel Product 239,Apparel,931.73,512.45
240,Home Product 240,Home,2224.83,1334.9
241,Books Product 241,Books,201.05,130.68
242,Beauty Product 242,Beauty,938.13,469.06
243,Electronics Product 243,Electronics,4157.83,3118.37
244,Beauty Product 244,Beauty,326.44,163.22
245,Apparel Product 245,Apparel,1495.16,822.34
246,Beauty Product 246,Beauty,811.71,405.86
247,Home Product 247,Home,688.05,412.83
248,Books Product 248,Books,317.73,206.52
249,Apparel Product 249,Apparel,1027.32,565.03
250,Apparel Product 250,Apparel,1662.05,914.13
251,Apparel Product 251,Apparel,1125.25,618.89
252,Electronics Product 252,Electronics,794.14,595.61
253,Electronics Product 253,Electronics,2081.48,1561.11
254,Beauty Product 254,Beauty,1299.5,649.75
255,Apparel Product 255,Apparel,1628.71,895.79
256,Books Product 256,Books,523.54,340.3
257,Books Product 257,Books,216.91,140.99
258,Electronics Product 258,Electronics,1966.41,1474.81
259,Electronics Product 259,Electronics,4065.94,3049.45
260,Books Product 260,Books,449.63,292.26
261,Books Product 261,Books,418.74,272.18
262,Books Product 262,Books,308.4,200.46
263,Home Product 263,Home,2929.51,1757.71
264,Beauty Product 264,Beauty,285.88,142.94
265,Home Product 265,Home,2497.57,1498.54
266,Books Product 266,Books,430.25,279.66
267,Beauty Product 267,Beauty,937.37,468.69
268,Apparel Product 268,Apparel,1271.24,699.18
269,Home Product 269,Home,767.33,460.4
270,Electronics Product 270,Electronics,3827.15,2870.36
271,Books Product 271,Books,693.89,451.03
272,Electronics Product 272,Electronics,3164.73,2373.55
273,Beauty Product 273,Beauty,622.99,311.5
274,Electronics Product 274,Electronics,4199.1,3149.33
275,Home Product 275,Home,1131.7,679.02
276,Beauty Product 276,Beauty,290.49,145.25
277,Electronics Product 277,Electronics,3584.79,2688.59
278,Books Product 278,Books,651.37,423.39
279,Beauty Product 279,Beauty,625.63,312.81
280,Electronics Product 280,Electronics,907.4,680.55
281,Home Product 281,Home,2695.61,1617.37
282,Electronics Product 282,Electronics,3906.85,2930.14
283,Home Product 283,Home,1523.03,913.82
284,Apparel Product 284,Apparel,1023.97,563.18
285,Books Product 285,Books,440.65,286.42
286,Home Product 286,Home,2140.1,1284.06
287,Apparel Product 287,Apparel,879.58,483.77
288,Apparel Product 288,Apparel,1869.6,1028.28
289,Beauty Product 289,Beauty,1133.13,566.57
290,Apparel Product 290,Apparel,1984.46,1091.45
291,Books Product 291,Books,155.28,100.93
292,Books Product 292,Books,412.73,268.27
293,Home Product 293,Home,2601.76,1561.06
294,Electronics Product 294,Electronics,2161.5,1621.12
295,Books Product 295,Books,779.13,506.43
296,Electronics Product 296,Electronics,3665.09,2748.82
297,Apparel Product 297,Apparel,575.52,316.54
298,Apparel Product 298,Apparel,1785.09,981.8
299,Home Product 299,Home,1465.63,879.38
300,Books Product 300,Books,406.27,264.08
301,Apparel Product 301,Apparel,1538.84,846.36
302,Beauty Product 302,Beauty,696.03,348.01
303,Books Product 303,Books,287.29,186.74
304,Home Product 304,Home,1582.15,949.29
305,Home Product 305,Home,1799.64,1079.78
306,Apparel Product 306,Apparel,1743.94,959.17
307,Home Product 307,Home,1078.87,647.32
308,Home Product 308,Home,662.55,397.53
309,Electronics Product 309,Electronics,3417.75,2563.31
310,Home Product 310,Home,2247.62,1348.57
311,Beauty Product 311,Beauty,1055.3,527.65
312,Home Product 312,Home,528.59,317.15
313,Beauty Product 313,Beauty,1318.2,659.1
314,Books Product 314,Books,754.7,490.56
315,Books Product 315,Books,266.87,173.47
316,Books Product 316,Books,425.68,276.69
317,Beauty Product 317,Beauty,700.13,350.06
318,Home Product 318,Home,801.64,480.98
319,Books Product 319,Books,154.83,100.64
320,Beauty Product 320,Beauty,1300.85,650.42
321,Home Product 321,Home,2222.75,1333.65
322,Apparel Product 322,Apparel,1057.34,581.54
323,Books Product 323,Books,524.63,341.01
324,Electronics Product 324,Electronics,4902.05,3676.54
325,Books Product 325,Books,464.12,301.68
326,Apparel Product 326,Apparel,581.06,319.58
327,Beauty Product 327,Beauty,1450.26,725.13
328,Electronics Product 328,Electronics,1139.39,854.54
329,Books Product 329,Books,789.33,513.06
330,Apparel Product 330,Apparel,1143.9,629.15
331,Electronics Product 331,Electronics,2855.11,2141.33
332,Books Product 332,Books,207.49,134.87
333,Beauty Product 333,Beauty,1019.86,509.93
334,Electronics Product 334,Electronics,3578.33,2683.75
335,Books Product 335,Books,668.76,434.69
336,Apparel Product 336,Apparel,1380.86,759.47
337,Apparel Product 337,Apparel,1256.05,690.83
338,Electronics Product 338,Electronics,2609.91,1957.43
339,Books Product 339,Books,738.94,480.31
340,Books Product 340,Books,626.98,407.54
341,Beauty Product 341,Beauty,658.79,329.39
342,Apparel Product 342,Apparel,862.73,474.5
343,Electronics Product 343,Electronics,3627.73,2720.8
344,Books Product 344,Books,637.13,414.13
345,Books Product 345,Books,319.29,207.54
346,Beauty Product 346,Beauty,951.58,475.79
347,Books Product 347,Books,183.55,119.31
348,Apparel Product 348,Apparel,1694.23,931.83
349,Books Product 349,Books,167.74,109.03
350,Beauty Product 350,Beauty,307.26,153.63
351,Books Product 351,Books,199.96,129.97
352,Apparel Product 352,Apparel,803.28,441.8
353,Books Product 353,Books,332.63,216.21
354,Apparel Product 354,Apparel,422.72,232.5
355,Electronics Product 355,Electronics,3217.2,2412.9
356,Books Product 356,Books,630.33,409.71
357,Beauty Product 357,Beauty,680.7,340.35
358,Home Product 358,Home,1005.38,603.23
359,Home Product 359,Home,1609.28,965.57
360,Books Product 360,Books,710.31,461.7
361,Apparel Product 361,Apparel,1974.51,1085.98
362,Home Product 362,Home,1907.97,1144.78
363,Home Product 363,Home,2561.56,1536.94
364,Beauty Product 364,Beauty,1201.48,600.74
365,Home Product 365,Home,2083.8,1250.28
366,Home Product 366,Home,869.31,521.59
367,Apparel Product 367,Apparel,486.92,267.81
368,Apparel Product 368,Apparel,1608.77,884.82
369,Electronics Product 369,Electronics,736.35,552.26
370,Beauty Product 370,Beauty,718.37,359.19
371,Apparel Product 371,Apparel,1162.03,639.12
372,Books Product 372,Books,301.88,196.22
373,Beauty Product 373,Beauty,816.97,408.49
374,Home Product 374,Home,1732.19,1039.31
375,Beauty Product 375,Beauty,215.42,107.71
376,Beauty Product 376,Beauty,696.61,348.31
377,Apparel Product 377,Apparel,1938.82,1066.35
378,Electronics Product 378,Electronics,938.14,703.61
379,Books Product 379,Books,564.33,366.81
380,Beauty Product 380,Beauty,993.63,496.81
381,Apparel Product 381,Apparel,935.95,514.77
382,Apparel Product 382,Apparel,1683.71,926.04
383,Apparel Product 383,Apparel,1446.95,795.82
384,Beauty Product 384,Beauty,799.44,399.72
385,Home Product 385,Home,2282.65,1369.59
386,Books Product 386,Books,650.82,423.03
387,Books Product 387,Books,369.31,240.05
388,Home Product 388,Home,1145.83,687.5
389,Electronics Product 389,Electronics,3527.61,2645.71
390,Electronics Product 390,Electronics,553.83,415.37
391,Electronics Product 391,Electronics,2863.69,2147.77
392,Beauty Product 392,Beauty,656.97,328.49
393,Apparel Product 393,Apparel,803.03,441.67
394,Electronics Product 394,Electronics,606.65,454.99
395,Electronics Product 395,Electronics,755.97,566.98
396,Books Product 396,Books,576.79,374.91
397,Home Product 397,Home,2866.32,1719.79
398,Electronics Product 398,Electronics,3686.34,2764.76
399,Electronics Product 399,Electronics,888.74,666.56
400,Books Product 400,Books,234.44,152.39
401,Books Product 401,Books,672.08,436.85
402,Home Product 402,Home,2719.2,1631.52
403,Home Product 403,Home,984.01,590.41
404,Beauty Product 404,Beauty,1058.62,529.31
405,Electronics Product 405,Electronics,3374.51,2530.88
406,Apparel Product 406,Apparel,1630.97,897.03
407,Apparel Product 407,Apparel,811.74,446.46
408,Electronics Product 408,Electronics,1747.79,1310.84
409,Electronics Product 409,Electronics,2222.6,1666.95
410,Apparel Product 410,Apparel,1993.53,1096.44
411,Apparel Product 411,Apparel,1928.97,1060.93
412,Apparel Product 412,Apparel,684.69,376.58
413,Electronics Product 413,Electronics,2712.75,2034.56
414,Home Product 414,Home,1947.82,1168.69
415,Home Product 415,Home,2042.8,1225.68
416,Electronics Product 416,Electronics,1147.43,860.57
417,Beauty Product 417,Beauty,483.9,241.95
418,Electronics Product 418,Electronics,4606.74,3455.05
419,Apparel Product 419,Apparel,565.26,310.89
420,Electronics Product 420,Electronics,816.86,612.64
421,Apparel Product 421,Apparel,1643.58,903.97
422,Electronics Product 422,Electronics,4534.31,3400.73
423,Home Product 423,Home,2062.74,1237.64
424,Electronics Product 424,Electronics,4698.02,3523.52
425,Beauty Product 425,Beauty,546.37,273.19
426,Apparel Product 426,Apparel,1847.39,1016.06
427,Books Product 427,Books,152.41,99.07
428,Beauty Product 428,Beauty,821.58,410.79
429,Beauty Product 429,Beauty,1297.26,648.63
430,Electronics Product 430,Electronics,2930.58,2197.93
431,Electronics Product 431,Electronics,2229.91,1672.43
432,Beauty Product 432,Beauty,357.56,178.78
433,Books Product 433,Books,757.78,492.56
434,Apparel Product 434,Apparel,933.5,513.43
435,Apparel Product 435,Apparel,1040.98,572.54
436,Electronics Product 436,Electronics,2144.1,1608.07
437,Apparel Product 437,Apparel,528.73,290.8
438,Beauty Product 438,Beauty,1188.59,594.29
439,Apparel Product 439,Apparel,1436.47,790.06
440,Home Product 440,Home,1797.08,1078.25
441,Beauty Product 441,Beauty,1058.95,529.48
442,Apparel Product 442,Apparel,1513.41,832.38
443,Electronics Product 443,Electronics,3337.78,2503.34
444,Apparel Product 444,Apparel,1178.41,648.13
445,Beauty Product 445,Beauty,1155.92,577.96
446,Home Product 446,Home,396.39,237.83
447,Electronics Product 447,Electronics,3738.83,2804.12
448,Books Product 448,Books,305.02,198.26
449,Beauty Product 449,Beauty,281.89,140.94
450,Books Product 450,Books,568.21,369.34
451,Beauty Product 451,Beauty,894.12,447.06
452,Beauty Product 452,Beauty,1456.55,728.27
453,Electronics Product 453,Electronics,666.69,500.02
454,Electronics Product 454,Electronics,2019.73,1514.8
455,Electronics Product 455,Electronics,2324.79,1743.59
456,Home Product 456,Home,2479.18,1487.51
457,Books Product 457,Books,447.94,291.16
458,Books Product 458,Books,246.82,160.43
459,Books Product 459,Books,301.44,195.94
460,Electronics Product 460,Electronics,665.95,499.46
461,Home Product 461,Home,1620.02,972.01
462,Electronics Product 462,Electronics,2620.49,1965.37
463,Books Product 463,Books,179.77,116.85
464,Home Product 464,Home,338.79,203.27
465,Electronics Product 465,Electronics,4570.98,3428.23
466,Electronics Product 466,Electronics,2552.83,1914.62
467,Home Product 467,Home,2555.45,1533.27
468,Electronics Product 468,Electronics,4180.1,3135.08
469,Electronics Product 469,Electronics,1013.81,760.36
470,Books Product 470,Books,669.46,435.15
471,Home Product 471,Home,470.4,282.24
472,Home Product 472,Home,1450.77,870.46
473,Beauty Product 473,Beauty,621.51,310.75
474,Books Product 474,Books,504.83,328.14
475,Apparel Product 475,Apparel,1738.28,956.05
476,Home Product 476,Home,2363.42,1418.05
477,Books Product 477,Books,262.74,170.78
478,Electronics Product 478,Electronics,1043.35,782.51
479,Home Product 479,Home,2345.39,1407.23
480,Home Product 480,Home,2180.0,1308.0
481,Books Product 481,Books,257.25,167.21
482,Home Product 482,Home,2799.32,1679.59
483,Electronics Product 483,Electronics,1100.17,825.13
484,Books Product 484,Books,394.49,256.42
485,Home Product 485,Home,342.2,205.32
486,Beauty Product 486,Beauty,304.94,152.47
487,Electronics Product 487,Electronics,1307.36,980.52
488,Electronics Product 488,Electronics,3680.34,2760.26
489,Books Product 489,Books,726.49,472.22
490,Beauty Product 490,Beauty,1101.55,550.77
491,Beauty Product 491,Beauty,1100.07,550.03
492,Home Product 492,Home,686.34,411.8
493,Apparel Product 493,Apparel,1236.94,680.32
494,Beauty Product 494,Beauty,511.03,255.51
495,Home Product 495,Home,1948.45,1169.07
496,Electronics Product 496,Electronics,3183.22,2387.41
497,Beauty Product 497,Beauty,995.66,497.83
498,Electronics Product 498,Electronics,3322.36,2491.77
499,Apparel Product 499,Apparel,956.57,526.11
500,Electronics Product 500,Electronics,3009.7,2257.27
501,Home Product 501,Home,617.27,370.36
502,Books Product 502,Books,784.91,510.19
503,Books Product 503,Books,385.24,250.41
504,Books Product 504,Books,479.9,311.94
505,Beauty Product 505,Beauty,1201.43,600.72
506,Home Product 506,Home,1046.35,627.81
507,Home Product 507,Home,604.23,362.54
508,Home Product 508,Home,2150.16,1290.1
509,Beauty Product 509,Beauty,846.77,423.38
510,Home Product 510,Home,2109.39,1265.63
511,Electronics Product 511,Electronics,743.12,557.34
512,Apparel Product 512,Apparel,856.1,470.86
513,Beauty Product 513,Beauty,526.8,263.4
514,Books Product 514,Books,673.35,437.68
515,Beauty Product 515,Beauty,256.31,128.16
516,Electronics Product 516,Electronics,4661.88,3496.41
517,Home Product 517,Home,726.72,436.03
518,Electronics Product 518,Electronics,2682.78,2012.09
519,Electronics Product 519,Electronics,818.87,614.15
520,Home Product 520,Home,2247.79,1348.67
521,Books Product 521,Books,526.85,342.45
522,Beauty Product 522,Beauty,458.38,229.19
523,Apparel Product 523,Apparel,768.1,422.46
524,Electronics Product 524,Electronics,1967.6,1475.7
525,Electronics Product 525,Electronics,1567.03,1175.27
526,Beauty Product 526,Beauty,1330.85,665.42
527,Beauty Product 527,Beauty,1358.77,679.38
528,Electronics Product 528,Electronics,2619.46,1964.6
529,Beauty Product 529,Beauty,270.64,135.32
530,Beauty Product 530,Beauty,388.42,194.21
531,Books Product 531,Books,445.74,289.73
532,Beauty Product 532,Beauty,685.53,342.76
533,Beauty Product 533,Beauty,1135.77,567.88
534,Apparel Product 534,Apparel,1960.89,1078.49
535,Home Product 535,Home,1206.91,724.15
536,Electronics Product 536,Electronics,3614.95,2711.21
537,Electronics Product 537,Electronics,1762.72,1322.04
538,Electronics Product 538,Electronics,4332.43,3249.32
539,Beauty Product 539,Beauty,743.69,371.85
540,Apparel Product 540,Apparel,751.77,413.47
541,Apparel Product 541,Apparel,1365.82,751.2
542,Books Product 542,Books,738.63,480.11
543,Books Product 543,Books,780.59,507.38
544,Home Product 544,Home,533.48,320.09
545,Books Product 545,Books,467.99,304.19
546,Home Product 546,Home,1897.27,1138.36
547,Beauty Product 547,Beauty,562.92,281.46
548,Beauty Product 548,Beauty,1157.03,578.51
549,Home Product 549,Home,969.14,581.48
550,Beauty Product 550,Beauty,953.31,476.65
551,Books Product 551,Books,765.06,497.29
552,Books Product 552,Books,733.86,477.01
553,Beauty Product 553,Beauty,1474.24,737.12
554,Electronics Product 554,Electronics,4960.73,3720.55
555,Books Product 555,Books,171.85,111.7
556,Books Product 556,Books,406.31,264.1
557,Electronics Product 557,Electronics,2535.99,1901.99
558,Home Product 558,Home,524.35,314.61
559,Electronics Product 559,Electronics,3619.22,2714.41
560,Beauty Product 560,Beauty,1434.91,717.46
561,Home Product 561,Home,1267.7,760.62
562,Home Product 562,Home,2048.63,1229.18
563,Electronics Product 563,Electronics,571.69,428.77
564,Apparel Product 564,Apparel,658.88,362.38
565,Beauty Product 565,Beauty,1315.3,657.65
566,Books Product 566,Books,165.87,107.82
567,Beauty Product 567,Beauty,802.89,401.44
568,Home Product 568,Home,2660.34,1596.2
569,Beauty Product 569,Beauty,440.43,220.22
570,Apparel Product 570,Apparel,1402.9,771.6
571,Electronics Product 571,Electronics,4371.72,3278.79
572,Electronics Product 572,Electronics,2231.96,1673.97
573,Apparel Product 573,Apparel,1249.47,687.21
574,Apparel Product 574,Apparel,1081.44,594.79
575,Apparel Product 575,Apparel,1516.89,834.29
576,Books Product 576,Books,502.58,326.68
577,Home Product 577,Home,2426.77,1456.06
578,Electronics Product 578,Electronics,3292.05,2469.04
579,Apparel Product 579,Apparel,1577.22,867.47
580,Electronics Product 580,Electronics,2816.31,2112.23
581,Apparel Product 581,Apparel,1820.76,1001.42
582,Electronics Product 582,Electronics,2223.3,1667.48
583,Beauty Product 583,Beauty,1004.87,502.44
584,Apparel Product 584,Apparel,986.29,542.46
585,Books Product 585,Books,608.17,395.31
586,Books Product 586,Books,611.07,397.2
587,Home Product 587,Home,673.7,404.22
588,Apparel Product 588,Apparel,781.81,430.0
589,Electronics Product 589,Electronics,3420.67,2565.5
590,Books Product 590,Books,716.24,465.56
591,Home Product 591,Home,2333.57,1400.14
592,Home Product 592,Home,1165.25,699.15
593,Apparel Product 593,Apparel,1205.71,663.14
594,Beauty Product 594,Beauty,560.29,280.14
595,Electronics Product 595,Electronics,2177.66,1633.24
596,Beauty Product 596,Beauty,832.09,416.05
597,Books Product 597,Books,689.21,447.99
598,Beauty Product 598,Beauty,1122.77,561.38
599,Books Product 599,Books,734.64,477.52
600,Beauty Product 600,Beauty,1007.24,503.62
601,Electronics Product 601,Electronics,1347.59,1010.69
602,Beauty Product 602,Beauty,313.5,156.75
603,Beauty Product 603,Beauty,1367.33,683.66
604,Apparel Product 604,Apparel,1933.21,1063.27
605,Electronics Product 605,Electronics,992.14,744.11
606,Apparel Product 606,Apparel,579.24,318.58
607,Home Product 607,Home,1640.09,984.05
608,Home Product 608,Home,1705.86,1023.52
609,Electronics Product 609,Electronics,1819.26,1364.44
610,Books Product 610,Books,755.62,491.15
611,Beauty Product 611,Beauty,650.71,325.36
612,Beauty Product 612,Beauty,1159.02,579.51
613,Electronics Product 613,Electronics,1811.83,1358.87
614,Electronics Product 614,Electronics,599.16,449.37
615,Home Product 615,Home,2554.36,1532.62
616,Books Product 616,Books,569.04,369.88
617,Beauty Product 617,Beauty,952.32,476.16
618,Apparel Product 618,Apparel,1177.84,647.81
619,Books Product 619,Books,697.24,453.21
620,Beauty Product 620,Beauty,795.41,397.7
621,Books Product 621,Books,235.77,153.25
622,Apparel Product 622,Apparel,674.78,371.13
623,Apparel Product 623,Apparel,762.85,419.57
624,Apparel Product 624,Apparel,1953.16,1074.24
625,Electronics Product 625,Electronics,1167.52,875.64
626,Apparel Product 626,Apparel,1129.48,621.21
627,Home Product 627,Home,1970.3,1182.18
628,Home Product 628,Home,2221.89,1333.13
629,Apparel Product 629,Apparel,691.65,380.41
630,Home Product 630,Home,2566.2,1539.72
631,Home Product 631,Home,735.39,441.23
632,Electronics Product 632,Electronics,685.18,513.88
633,Apparel Product 633,Apparel,1319.24,725.58
634,Beauty Product 634,Beauty,538.53,269.26
635,Home Product 635,Home,853.92,512.35
636,Electronics Product 636,Electronics,3494.99,2621.24
637,Apparel Product 637,Apparel,636.71,350.19
638,Beauty Product 638,Beauty,901.83,450.92
639,Home Product 639,Home,1740.84,1044.5
640,Electronics Product 640,Electronics,4641.95,3481.46
641,Beauty Product 641,Beauty,1410.39,705.2
642,Home Product 642,Home,2859.03,1715.42
643,Apparel Product 643,Apparel,649.69,357.33
644,Books Product 644,Books,784.14,509.69
645,Apparel Product 645,Apparel,1435.59,789.57
646,Apparel Product 646,Apparel,1158.26,637.04
647,Apparel Product 647,Apparel,1951.37,1073.25
648,Books Product 648,Books,583.48,379.26
649,Books Product 649,Books,623.55,405.31
650,Beauty Product 650,Beauty,640.29,320.14
651,Electronics Product 651,Electronics,3792.38,2844.28
652,Electronics Product 652,Electronics,1127.4,845.55
653,Books Product 653,Books,225.97,146.88
654,Electronics Product 654,Electronics,2307.33,1730.5
655,Home Product 655,Home,1504.13,902.48
656,Electronics Product 656,Electronics,1968.65,1476.49
657,Books Product 657,Books,566.85,368.45
658,Books Product 658,Books,492.18,319.92
659,Apparel Product 659,Apparel,713.15,392.23
660,Electronics Product 660,Electronics,2922.86,2192.14
661,Beauty Product 661,Beauty,1080.18,540.09
662,Electronics Product 662,Electronics,4891.28,3668.46
663,Beauty Product 663,Beauty,452.79,226.4
664,Apparel Product 664,Apparel,1365.07,750.79
665,Books Product 665,Books,763.21,496.09
666,Apparel Product 666,Apparel,1036.09,569.85
667,Beauty Product 667,Beauty,680.52,340.26
668,Apparel Product 668,Apparel,419.51,230.73
669,Apparel Product 669,Apparel,962.17,529.19
670,Beauty Product 670,Beauty,1336.59,668.29
671,Electronics Product 671,Electronics,1470.63,1102.97
672,Beauty Product 672,Beauty,1163.99,582.0
673,Beauty Product 673,Beauty,1244.79,622.39
674,Apparel Product 674,Apparel,662.06,364.13
675,Beauty Product 675,Beauty,1147.19,573.6
676,Beauty Product 676,Beauty,381.44,190.72
677,Books Product 677,Books,538.66,350.13
678,Home Product 678,Home,861.02,516.61
679,Beauty Product 679,Beauty,1484.9,742.45
680,Books Product 680,Books,791.31,514.35
681,Electronics Product 681,Electronics,4699.19,3524.39
682,Books Product 682,Books,641.47,416.96
683,Electronics Product 683,Electronics,529.78,397.33
684,Apparel Product 684,Apparel,1063.22,584.77
685,Books Product 685,Books,450.38,292.75
686,Books Product 686,Books,640.91,416.59
687,Home Product 687,Home,838.0,502.8
688,Beauty Product 688,Beauty,576.3,288.15
689,Beauty Product 689,Beauty,254.9,127.45
690,Apparel Product 690,Apparel,1735.34,954.44
691,Apparel Product 691,Apparel,1190.56,654.81
692,Beauty Product 692,Beauty,491.88,245.94
693,Electronics Product 693,Electronics,1193.11,894.83
694,Apparel Product 694,Apparel,1929.64,1061.3
695,Beauty Product 695,Beauty,361.43,180.72
696,Apparel Product 696,Apparel,1067.45,587.1
697,Beauty Product 697,Beauty,1378.83,689.41
698,Home Product 698,Home,376.79,226.07
699,Apparel Product 699,Apparel,1188.88,653.88
700,Electronics Product 700,Electronics,3195.01,2396.26
701,Apparel Product 701,Apparel,1329.71,731.34
702,Books Product 702,Books,433.44,281.74
703,Apparel Product 703,Apparel,1404.79,772.63
704,Beauty Product 704,Beauty,1466.54,733.27
705,Electronics Product 705,Electronics,2179.41,1634.56
706,Books Product 706,Books,161.4,104.91
707,Apparel Product 707,Apparel,660.56,363.31
708,Electronics Product 708,Electronics,1157.62,868.21
709,Beauty Product 709,Beauty,1341.81,670.9
710,Home Product 710,Home,1264.94,758.96
711,Electronics Product 711,Electronics,1727.02,1295.26
712,Beauty Product 712,Beauty,1027.12,513.56
713,Apparel Product 713,Apparel,477.94,262.87
714,Apparel Product 714,Apparel,1247.38,686.06
715,Electronics Product 715,Electronics,2812.4,2109.3
716,Home Product 716,Home,2364.66,1418.8
717,Books Product 717,Books,639.21,415.49
718,Books Product 718,Books,359.69,233.8
719,Apparel Product 719,Apparel,1722.92,947.61
720,Apparel Product 720,Apparel,834.33,458.88
721,Apparel Product 721,Apparel,553.33,304.33
722,Books Product 722,Books,378.56,246.06
723,Home Product 723,Home,334.82,200.89
724,Books Product 724,Books,332.92,216.4
725,Beauty Product 725,Beauty,735.59,367.8
726,Home Product 726,Home,576.53,345.92
727,Home Product 727,Home,1659.13,995.48
728,Home Product 728,Home,2446.79,1468.07
729,Books Product 729,Books,548.73,356.67
730,Books Product 730,Books,699.95,454.97
731,Books Product 731,Books,606.47,394.21
732,Electronics Product 732,Electronics,2378.06,1783.55
733,Electronics Product 733,Electronics,1024.55,768.41
734,Home Product 734,Home,2793.21,1675.93
735,Beauty Product 735,Beauty,652.67,326.33
736,Apparel Product 736,Apparel,622.42,342.33
737,Beauty Product 737,Beauty,1356.64,678.32
738,Books Product 738,Books,490.03,318.52
739,Apparel Product 739,Apparel,675.53,371.54
740,Apparel Product 740,Apparel,446.02,245.31
741,Electronics Product 741,Electronics,1500.61,1125.46
742,Home Product 742,Home,2157.73,1294.64
743,Apparel Product 743,Apparel,600.55,330.3
744,Home Product 744,Home,2949.0,1769.4
745,Beauty Product 745,Beauty,1098.06,549.03
746,Electronics Product 746,Electronics,849.81,637.36
747,Beauty Product 747,Beauty,1184.53,592.26
748,Electronics Product 748,Electronics,1383.58,1037.68
749,Electronics Product 749,Electronics,4068.75,3051.56
750,Books Product 750,Books,535.56,348.11
751,Beauty Product 751,Beauty,354.6,177.3
752,Apparel Product 752,Apparel,469.25,258.09
753,Apparel Product 753,Apparel,1468.14,807.48
754,Electronics Product 754,Electronics,4020.67,3015.5
755,Books Product 755,Books,283.51,184.28
756,Home Product 756,Home,798.91,479.35
757,Apparel Product 757,Apparel,446.81,245.75
758,Home Product 758,Home,2583.83,1550.3
759,Apparel Product 759,Apparel,1918.07,1054.94
760,Apparel Product 760,Apparel,963.53,529.94
761,Books Product 761,Books,657.52,427.39
762,Books Product 762,Books,307.18,199.67
763,Books Product 763,Books,194.42,126.37
764,Books Product 764,Books,646.11,419.97
765,Books Product 765,Books,291.05,189.18
766,Home Product 766,Home,2903.51,1742.11
767,Home Product 767,Home,2734.48,1640.69
768,Books Product 768,Books,152.81,99.33
769,Electronics Product 769,Electronics,4659.04,3494.28
770,Books Product 770,Books,703.34,457.17
771,Beauty Product 771,Beauty,676.4,338.2
772,Books Product 772,Books,270.33,175.71
773,Electronics Product 773,Electronics,1313.82,985.37
774,Apparel Product 774,Apparel,1970.08,1083.54
775,Beauty Product 775,Beauty,478.56,239.28
776,Home Product 776,Home,1400.46,840.28
777,Apparel Product 777,Apparel,597.78,328.78
778,Electronics Product 778,Electronics,2838.77,2129.08
779,Beauty Product 779,Beauty,1190.96,595.48
780,Apparel Product 780,Apparel,1291.41,710.28
781,Electronics Product 781,Electronics,870.12,652.59
782,Beauty Product 782,Beauty,350.44,175.22
783,Apparel Product 783,Apparel,1131.11,622.11
784,Apparel Product 784,Apparel,1499.27,824.6
785,Beauty Product 785,Beauty,493.64,246.82
786,Beauty Product 786,Beauty,577.77,288.88
787,Beauty Product 787,Beauty,445.42,222.71
788,Electronics Product 788,Electronics,4526.4,3394.8
789,Beauty Product 789,Beauty,1420.81,710.4
790,Apparel Product 790,Apparel,686.88,377.78
791,Beauty Product 791,Beauty,1073.72,536.86
792,Beauty Product 792,Beauty,769.48,384.74
793,Electronics Product 793,Electronics,1036.48,777.36
794,Beauty Product 794,Beauty,720.81,360.4
795,Books Product 795,Books,785.42,510.52
796,Home Product 796,Home,474.72,284.83
797,Home Product 797,Home,1214.31,728.59
798,Books Product 798,Books,698.62,454.1
799,Beauty Product 799,Beauty,359.59,179.79
800,Beauty Product 800,Beauty,1142.76,571.38
801,Apparel Product 801,Apparel,1623.71,893.04
802,Books Product 802,Books,535.87,348.32
803,Beauty Product 803,Beauty,662.93,331.46
804,Books Product 804,Books,767.59,498.93
805,Beauty Product 805,Beauty,864.84,432.42
806,Home Product 806,Home,2373.6,1424.16
807,Electronics Product 807,Electronics,1049.86,787.39
808,Beauty Product 808,Beauty,846.46,423.23
809,Home Product 809,Home,380.25,228.15
810,Electronics Product 810,Electronics,4236.41,3177.31
811,Beauty Product 811,Beauty,1081.54,540.77
812,Home Product 812,Home,1333.11,799.87
813,Apparel Product 813,Apparel,644.38,354.41
814,Books Product 814,Books,555.1,360.82
815,Electronics Product 815,Electronics,3474.86,2606.14
816,Books Product 816,Books,648.92,421.8
817,Beauty Product 817,Beauty,462.51,231.25
818,Beauty Product 818,Beauty,837.33,418.67
819,Apparel Product 819,Apparel,1267.9,697.35
820,Books Product 820,Books,505.3,328.44
821,Electronics Product 821,Electronics,4958.2,3718.65
822,Electronics Product 822,Electronics,2226.33,1669.75
823,Apparel Product 823,Apparel,1764.6,970.53
824,Beauty Product 824,Beauty,797.55,398.77
825,Electronics Product 825,Electronics,1295.91,971.93
826,Apparel Product 826,Apparel,1815.52,998.54
827,Home Product 827,Home,1626.99,976.19
828,Home Product 828,Home,1143.64,686.18
829,Beauty Product 829,Beauty,833.69,416.85
830,Electronics Product 830,Electronics,3059.85,2294.89
831,Beauty Product 831,Beauty,1058.1,529.05
832,Books Product 832,Books,521.94,339.26
833,Beauty Product 833,Beauty,930.93,465.46
834,Home Product 834,Home,1668.05,1000.83
835,Beauty Product 835,Beauty,542.41,271.2
836,Books Product 836,Books,781.07,507.7
837,Books Product 837,Books,589.72,383.32
838,Apparel Product 838,Apparel,912.77,502.02
839,Electronics Product 839,Electronics,3157.09,2367.82
840,Home Product 840,Home,2559.72,1535.83
841,Apparel Product 841,Apparel,1695.29,932.41
842,Books Product 842,Books,167.48,108.86
843,Apparel Product 843,Apparel,1008.92,554.91
844,Beauty Product 844,Beauty,648.69,324.35
845,Apparel Product 845,Apparel,1059.09,582.5
846,Electronics Product 846,Electronics,3475.58,2606.68
847,Home Product 847,Home,933.48,560.09
848,Apparel Product 848,Apparel,1348.05,741.43
849,Electronics Product 849,Electronics,4410.23,3307.67
850,Electronics Product 850,Electronics,2019.17,1514.38
851,Electronics Product 851,Electronics,2922.88,2192.16
852,Electronics Product 852,Electronics,2574.09,1930.57
853,Beauty Product 853,Beauty,938.46,469.23
854,Beauty Product 854,Beauty,546.6,273.3
855,Beauty Product 855,Beauty,964.39,482.19
856,Apparel Product 856,Apparel,1004.38,552.41
857,Beauty Product 857,Beauty,619.15,309.57
858,Electronics Product 858,Electronics,4137.47,3103.1
859,Electronics Product 859,Electronics,3608.89,2706.67
860,Home Product 860,Home,1207.11,724.27
861,Books Product 861,Books,677.45,440.34
862,Apparel Product 862,Apparel,666.6,366.63
863,Apparel Product 863,Apparel,981.33,539.73
864,Beauty Product 864,Beauty,462.29,231.15
865,Electronics Product 865,Electronics,4281.71,3211.28
866,Books Product 866,Books,289.15,187.95
867,Apparel Product 867,Apparel,476.05,261.83
868,Books Product 868,Books,411.32,267.36
869,Home Product 869,Home,1986.35,1191.81
870,Electronics Product 870,Electronics,3729.68,2797.26
871,Books Product 871,Books,211.58,137.53
872,Apparel Product 872,Apparel,837.38,460.56
873,Books Product 873,Books,670.77,436.0
874,Beauty Product 874,Beauty,755.24,377.62
875,Apparel Product 875,Apparel,1673.04,920.17
876,Apparel Product 876,Apparel,1207.42,664.08
877,Apparel Product 877,Apparel,1092.66,600.96
878,Books Product 878,Books,353.68,229.89
879,Beauty Product 879,Beauty,722.99,361.5
880,Books Product 880,Books,484.99,315.24
881,Books Product 881,Books,267.39,173.8
882,Electronics Product 882,Electronics,3325.3,2493.98
883,Books Product 883,Books,710.76,461.99
884,Books Product 884,Books,474.48,308.41
885,Beauty Product 885,Beauty,548.32,274.16
886,Books Product 886,Books,675.81,439.28
887,Beauty Product 887,Beauty,1415.03,707.51
888,Electronics Product 888,Electronics,2850.21,2137.66
889,Apparel Product 889,Apparel,1139.98,626.99
890,Home Product 890,Home,706.28,423.77
891,Apparel Product 891,Apparel,1750.6,962.83
892,Beauty Product 892,Beauty,614.25,307.12
893,Electronics Product 893,Electronics,3352.67,2514.5
894,Beauty Product 894,Beauty,547.02,273.51
895,Apparel Product 895,Apparel,1433.67,788.52
896,Apparel Product 896,Apparel,1498.97,824.43
897,Home Product 897,Home,1395.84,837.5
898,Electronics Product 898,Electronics,1174.83,881.12
899,Electronics Product 899,Electronics,1605.14,1203.86
900,Apparel Product 900,Apparel,1142.66,628.46
901,Books Product 901,Books,794.34,516.32
902,Beauty Product 902,Beauty,1041.0,520.5
903,Electronics Product 903,Electronics,1408.96,1056.72
904,Apparel Product 904,Apparel,618.29,340.06
905,Apparel Product 905,Apparel,1663.47,914.91
906,Apparel Product 906,Apparel,1453.87,799.63
907,Home Product 907,Home,2039.59,1223.75
908,Electronics Product 908,Electronics,4837.04,3627.78
909,Beauty Product 909,Beauty,1216.9,608.45
910,Electronics Product 910,Electronics,4368.13,3276.1
911,Electronics Product 911,Electronics,1912.57,1434.43
912,Apparel Product 912,Apparel,1787.47,983.11
913,Beauty Product 913,Beauty,1365.81,682.9
914,Electronics Product 914,Electronics,2286.03,1714.52
915,Home Product 915,Home,937.31,562.39
916,Books Product 916,Books,627.41,407.82
917,Electronics Product 917,Electronics,2848.81,2136.61
918,Books Product 918,Books,767.29,498.74
919,Books Product 919,Books,313.68,203.89
920,Electronics Product 920,Electronics,1571.35,1178.51
921,Electronics Product 921,Electronics,3979.36,2984.52
922,Apparel Product 922,Apparel,926.86,509.77
923,Books Product 923,Books,629.2,408.98
924,Home Product 924,Home,2825.85,1695.51
925,Home Product 925,Home,689.55,413.73
926,Home Product 926,Home,878.09,526.85
927,Apparel Product 927,Apparel,1103.16,606.74
928,Apparel Product 928,Apparel,1780.64,979.35
929,Electronics Product 929,Electronics,2706.61,2029.96
930,Apparel Product 930,Apparel,1519.39,835.66
931,Electronics Product 931,Electronics,1924.2,1443.15
932,Beauty Product 932,Beauty,817.31,408.65
933,Home Product 933,Home,2900.95,1740.57
934,Home Product 934,Home,1280.09,768.05
935,Apparel Product 935,Apparel,1714.18,942.8
936,Electronics Product 936,Electronics,3404.29,2553.22
937,Books Product 937,Books,172.63,112.21
938,Electronics Product 938,Electronics,3608.07,2706.05
939,Home Product 939,Home,983.05,589.83
940,Beauty Product 940,Beauty,602.05,301.02
941,Apparel Product 941,Apparel,1845.05,1014.78
942,Electronics Product 942,Electronics,2907.1,2180.32
943,Home Product 943,Home,2615.65,1569.39
944,Beauty Product 944,Beauty,210.23,105.11
945,Beauty Product 945,Beauty,1405.76,702.88
946,Apparel Product 946,Apparel,881.42,484.78
947,Home Product 947,Home,1103.04,661.82
948,Home Product 948,Home,2772.91,1663.75
949,Apparel Product 949,Apparel,1807.15,993.93
950,Beauty Product 950,Beauty,1226.11,613.05
951,Apparel Product 951,Apparel,1786.31,982.47
952,Beauty Product 952,Beauty,812.42,406.21
953,Beauty Product 953,Beauty,1404.45,702.23
954,Apparel Product 954,Apparel,1547.82,851.3
955,Electronics Product 955,Electronics,4209.8,3157.35
956,Apparel Product 956,Apparel,1210.14,665.58
957,Apparel Product 957,Apparel,1073.39,590.36
958,Books Product 958,Books,629.56,409.21
959,Beauty Product 959,Beauty,1103.77,551.88
960,Electronics Product 960,Electronics,3386.18,2539.63
961,Home Product 961,Home,2001.42,1200.85
962,Home Product 962,Home,308.3,184.98
963,Home Product 963,Home,1996.4,1197.84
964,Apparel Product 964,Apparel,1321.29,726.71
965,Electronics Product 965,Electronics,1210.2,907.65
966,Books Product 966,Books,613.82,398.98
967,Home Product 967,Home,2586.79,1552.07
968,Beauty Product 968,Beauty,1230.43,615.22
969,Apparel Product 969,Apparel,1122.38,617.31
970,Home Product 970,Home,1003.84,602.3
971,Books Product 971,Books,687.4,446.81
972,Apparel Product 972,Apparel,717.86,394.82
973,Beauty Product 973,Beauty,677.88,338.94
974,Beauty Product 974,Beauty,1339.31,669.65
975,Books Product 975,Books,295.92,192.35
976,Electronics Product 976,Electronics,4654.01,3490.51
977,Books Product 977,Books,557.31,362.25
978,Electronics Product 978,Electronics,4883.57,3662.68
979,Home Product 979,Home,1006.81,604.09
980,Home Product 980,Home,434.41,260.65
981,Books Product 981,Books,428.79,278.71
982,Apparel Product 982,Apparel,638.8,351.34
983,Apparel Product 983,Apparel,672.2,369.71
984,Books Product 984,Books,226.28,147.08
985,Books Product 985,Books,432.85,281.35
986,Beauty Product 986,Beauty,1275.43,637.72
987,Beauty Product 987,Beauty,354.07,177.03
988,Home Product 988,Home,814.47,488.68
989,Apparel Product 989,Apparel,860.74,473.41
990,Beauty Product 990,Beauty,696.7,348.35
991,Beauty Product 991,Beauty,1313.24,656.62
992,Books Product 992,Books,290.12,188.58
993,Apparel Product 993,Apparel,1562.73,859.5
994,Home Product 994,Home,1429.49,857.69
995,Beauty Product 995,Beauty,1230.2,615.1
996,Electronics Product 996,Electronics,1805.87,1354.4
997,Apparel Product 997,Apparel,776.78,427.23
998,Beauty Product 998,Beauty,1379.53,689.76
999,Apparel Product 999,Apparel,1332.64,732.95
1000,Beauty Product 1000,Beauty,311.46,155.73
